739,Ulavacharu Biryani,http://www.idlebrain.com/movie/archive/ulavacharubiryani.html,6-06-2014,3.0
738,Manam,http://www.idlebrain.com/movie/archive/manam.html,23-05-2014,4.0
737,Amrutham Chandamamalo,http://www.idlebrain.com/movie/archive/amruthamchandamamalo.html,17-05-2014,3.25
736,Kotha Janta,http://www.idlebrain.com/movie/archive/kothajanta.html,01-05-2014,3.0
735,Anaamika,http://www.idlebrain.com/movie/archive/anaamika.html,01-05-2014,3.0
734,Pratinidhi,http://www.idlebrain.com/movie/archive/pratinidhi.html,25-04-2014,3.25
733,Chandamama Kathalu,http://www.idlebrain.com/movie/archive/chandamamakathalu.html,25-04-2014,3.0
732,Race Gurram,http://www.idlebrain.com/movie/archive/racegurram.html,11-04-2014,3.25
731,Hrudaya Kaleyam,http://www.idlebrain.com/movie/archive/hrudayakaleyam.html,04-04-2014,3.25
730,Rowdy,http://www.idlebrain.com/movie/archive/rowdy.html,04-04-2014,3.0
729,Legend,http://www.idlebrain.com/movie/archive/legend.html,28-03-2014,3.25
728,Bhadram,http://www.idlebrain.com/movie/archive/bhadram.html,21-03-2014,3.25
727,Bangaru Kodipetta,http://www.idlebrain.com/movie/archive/bangarukodipetta.html,07-03-2014,3.0
726,Basanthi,http://www.idlebrain.com/movie/archive/basanthi.html,28-02-2014,3.0
725,Aaha Kalyanam,http://www.idlebrain.com/movie/archive/aahakalyanam.html,21-02-2014,3.0
724,Heart Attack,http://www.idlebrain.com/movie/archive/heartattack.html,31-01-2014,3.0
723,Pandavulu Pandavulu Tummeda,http://www.idlebrain.com/movie/archive/pandavulupandavulutummeda.html,31-01-2014,3.25
722,Yevadu,http://www.idlebrain.com/movie/archive/yevadu.html,12-01-2014,3.25
721,1 Nenokkadine,http://www.idlebrain.com/movie/archive/1nenokkadine.html,10-01-2014,3.25
720,D for Dopidi,http://www.idlebrain.com/movie/archive/dfordopidi.html,25-12-2013,3.25
719,Uyyala Jampala,http://www.idlebrain.com/movie/archive/uyyalajampala.html,25-12-2013,3.25
718,Biryani,http://www.idlebrain.com/movie/archive/biryani.html,20-12-2013,3.0
717,Prema Ishq Kaadhal,http://www.idlebrain.com/movie/archive/premaishqkaadhal.html,06-12-2013,3.0
716,Venkatadri Express,http://www.idlebrain.com/movie/archive/venkatadriexpress.html,29-11-2013,3.25
715,Villa (Pizza 2),http://www.idlebrain.com/movie/archive/villa-pizzatwo.html,16-11-2013,3.0
714,Masala,http://www.idlebrain.com/movie/archive/masala.html,14-11-2013,3.0
713,Doosukeltha,http://www.idlebrain.com/movie/archive/doosukeltha.html,17-10-2013,3.0
712,Atharintiki Daaredi,http://www.idlebrain.com/movie/archive/atharintikidaaredi.html,27-09-2013,4.0
711,Potugadu,http://www.idlebrain.com/movie/archive/potugadu.html,14-09-2013,3.0
710,Anthaka Mundu Aa Tarvatha,http://www.idlebrain.com/movie/archive/anthakamunduaatarvatha.html,23-08-2013,3.25
709,Adda,http://www.idlebrain.com/movie/archive/adda.html,15-08-2013,3.0
708,Om 3D,http://www.idlebrain.com/movie/archive/om3d.html,19-07-2013,3.0
707,Sahasam,http://www.idlebrain.com/movie/archive/sahasam.html,12-07-2013,3.25
706,Mallela Theeramalo Sirimallepuvvu,http://www.idlebrain.com/movie/archive/mallelatheeramlosirimallepuvvu.html,06-07-2013,0.0
705,Singam,http://www.idlebrain.com/movie/archive/singam.html,05-07-2013,3.0
704,Balupu,http://www.idlebrain.com/movie/archive/balupu.html,28-06-2013,3.25
703,Something Something,http://www.idlebrain.com/movie/archive/somethingsomething.html,14-06-2013,3.0
702,Prema Katha Chitram,http://www.idlebrain.com/movie/archive/premakathachitram.html,07-06-2013,3.0
701,Iddarammayilatho,http://www.idlebrain.com/movie/archive/iddarammayilatho.html,31-05-2013,3.0
700,Tadakha,http://www.idlebrain.com/movie/archive/tadakha.html,10-05-2013,3.25
699,Greeku Veerudu,http://www.idlebrain.com/movie/archive/greekuveerudu.html,03-05-2013,3.0
698,Gunde Jaari Gallanthayyinde,http://www.idlebrain.com/movie/archive/gundejaarigallanthayyinde.html,19-04-2013,3.25
697,Baadshah,http://www.idlebrain.com/movie/archive/baadshah.html,05-04-2013,3.25
696,Swamy Ra Ra,http://www.idlebrain.com/movie/archive/swamyrara.html,23-03-2013,3.25
695,3G Love,http://www.idlebrain.com/movie/archive/3glove.html,15-03-2013,0.0
694,Backbench Student,http://www.idlebrain.com/movie/archive/backbenchstudent.html,15-03-2013,0.0
693,Gundello Godari,http://www.idlebrain.com/movie/archive/gundellogodari.html,08-03-2013,3.0
692,Race,http://www.idlebrain.com/movie/archive/race.html,01-03-2013,0.0
691,Mr. Pellikoduku,http://www.idlebrain.com/movie/archive/mrpellikoduku.html,01-03-2013,0.0
690,Jabardasth,http://www.idlebrain.com/movie/archive/jabardasth.html,22-02-2013,3.0
689,Pizza Telugu,http://www.idlebrain.com/movie/archive/pizza.html,15-02-2013,3.25
688,Mirchi,http://www.idlebrain.com/movie/archive/mirchi.html,08-02-2013,3.25
687,Dandupalyam,http://www.idlebrain.com/movie/archive/dandupalyam.html,25-01-2013,0.0
686,Vishwaroopam,http://www.idlebrain.com/movie/archive/vishwaroopam.html,25-01-2013,3.0
685,Seetamma Vakitlo Sirimalle Chettu (SVSC),http://www.idlebrain.com/movie/archive/svsc.html,11-01-2013,3.25
684,Naayak,http://www.idlebrain.com/movie/archive/naayak.html,09-01-2013,3.25
683,Yamudiki Mogudu,http://www.idlebrain.com/movie/archive/mr-yamudikimogudu.html,27-12-2012,0.0
682,Midhunam,http://www.idlebrain.com/movie/archive/mr-midhunam.html,22-12-2012,0.0
681,Yeto Vellipoyindi Manasu,http://www.idlebrain.com/movie/archive/mr-yvm.html,14-12-2012,3.0
680,Krishnam Vande Jagadgurum,http://www.idlebrain.com/movie/archive/mr-kvj.html,30-11-2012,3.0
679,Routine Love Story,http://www.idlebrain.com/movie/archive/mr-routinelovestory.html,23-11-2012,3.25
678,Dhamarukam,http://www.idlebrain.com/movie/archive/mr-dhamarukam.html,23-11-2012,3.0
677,Tupaki,http://www.idlebrain.com/movie/archive/mr-tupaki.html,13-11-2012,3.25
676,Denikaina Ready,http://www.idlebrain.com/movie/archive/mr-denikainaready.html,24-10-2012,3.25
675,Cameraman Gangatho Rambabu,http://www.idlebrain.com/movie/archive/mr-cgr.html,18-10-2012,3.25
674,Rebel,http://www.idlebrain.com/movie/archive/mr-rebel.html,28-09-2012,3.0
673,Avunu,http://www.idlebrain.com/movie/archive/mr-avunu-ravibabu.html,21-09-2012,3.0
672,Life is beautiful,http://www.idlebrain.com/movie/archive/mr-lifeisbeautiful.html,14-09-2012,3.5
671,Shirdi Sai,http://www.idlebrain.com/movie/archive/mr-shirdisai.html,06-09-2012,0.0
670,Srimannarayana,http://www.idlebrain.com/movie/archive/mr-srimannarayana.html,30-08-2012,3.0
669,Sudigaadu,http://www.idlebrain.com/movie/archive/mr-sudigaadu.html,24-08-2012,3.0
668,Julayi,http://www.idlebrain.com/movie/archive/mr-julayi.html,10-08-2012,3.5
667,Onamalu,http://www.idlebrain.com/movie/archive/mr-onamalu.html,09-08-2012,3.25
666,Uu Kodathara Ulikki Padathara (UKUP),http://www.idlebrain.com/movie/archive/mr-ukup.html,27-07-2012,3.25
665,Eega,http://www.idlebrain.com/movie/archive/mr-eega.html,06-07-2012,4.0
664,All The Best,http://www.idlebrain.com/movie/archive/mr-allthebest.html,29-06-2012,0.0
663,Mem Vayasuku Vacham,http://www.idlebrain.com/movie/archive/mr-memvayasukuvacham.html,23-06-2012,3.0
662,Shakuni,http://www.idlebrain.com/movie/archive/mr-shakuni.html,22-06-2012,3.0
661,Oka Romantic Crime Katha,http://www.idlebrain.com/movie/archive/mr-okaromanticcrimekatha.html,17-06-2012,0.0
660,Endukante Premanta,http://www.idlebrain.com/movie/archive/mr-endukantepremanta.html,08-06-2012,0.0
659,Gabbar Singh,http://www.idlebrain.com/movie/archive/mr-gabbarsingh.html,11-05-2012,3.5
658,Dhammu,http://www.idlebrain.com/movie/archive/mr-dhammu.html,27-04-2012,3.0
657,Racha,http://www.idlebrain.com/movie/archive/mr-racha.html,05-04-2012,3.0
656,Lovely,http://www.idlebrain.com/movie/archive/mr-lovely.html,30-03-2012,3.0
655,Ee Rojullo,http://www.idlebrain.com/movie/archive/mr-eerojullo.html,23-03-2012,3.25
654,Mr. Nookayya,http://www.idlebrain.com/movie/archive/mr-mrnookayya.html,08-03-2012,3.0
653,Ishq,http://www.idlebrain.com/movie/archive/mr-ishq.html,24-02-2012,3.25
652,Poola Rangadu,http://www.idlebrain.com/movie/archive/mr-poolarangadu.html,18-02-2012,3.25
651,Love Failure,http://www.idlebrain.com/movie/archive/mr-lovefailure.html,17-02-2012,3.5
650,SMS,http://www.idlebrain.com/movie/archive/mr-sms.html,10-02-2012,3.0
649,Snehitudu,http://www.idlebrain.com/movie/archive/mr-snehitudu.html,26-01-2012,3.0
648,Bodyguard,http://www.idlebrain.com/movie/archive/mr-bodyguard.html,14-01-2012,3.25
647,Businessman,http://www.idlebrain.com/movie/archive/mr-businessman.html,13-01-2012,3.0
646,Rajanna,http://www.idlebrain.com/movie/archive/mr-rajanna.html,22-12-2011,3.25
645,Journey,http://www.idlebrain.com/movie/archive/mr-journey.html,17-12-2011,3.25
644,Panjaa,http://www.idlebrain.com/movie/archive/mr-panjaa.html,09-12-2011,3.0
643,Priyudu,http://www.idlebrain.com/movie/archive/mr-priyudu.html,03-12-2011,3.0
642,Solo,http://www.idlebrain.com/movie/archive/mr-solo.html,25-11-2011,3.0
641,Sri Ramarajyam,http://www.idlebrain.com/movie/archive/mr-sriramarajyam.html,17-11-2011,3.75
640,Oh My Friend,http://www.idlebrain.com/movie/archive/mr-ohmyfriend.html,11-11-2011,3.0
639,Mogudu,http://www.idlebrain.com/movie/archive/mr-mogudu.html,04-11-2011,3.0
638,Nuvvila...,http://www.idlebrain.com/movie/archive/mr-nuvvila.html,03-11-2011,3.0
637,7th Sense,http://www.idlebrain.com/movie/archive/mr-7thsense.html,26-10-2011,3.0
636,Pilla Jamindar,http://www.idlebrain.com/movie/archive/mr-pillazamindar.html,14-10-2011,3.0
635,Oosaravelli,http://www.idlebrain.com/movie/archive/mr-oosaravelli.html,06-10-2011,3.0
634,Dookudu,http://www.idlebrain.com/movie/archive/mr-dookudu.html,23-09-2011,3.5
633,Prema Khaidi,http://www.idlebrain.com/movie/archive/mr-premakhaidi.html,25-08-2011,3.0
632,Kandireega,http://www.idlebrain.com/movie/archive/mr-kandireega.html,12-08-2011,3.0
631,Nanna,http://www.idlebrain.com/movie/archive/mr-nanna.html,15-07-2011,3.25
630,Virodhi,http://www.idlebrain.com/movie/archive/mr-virodhi.html,01-07-2011,0.0
629,180,http://www.idlebrain.com/movie/archive/mr-180.html,25-06-2011,3.0
628,Badrinath,http://www.idlebrain.com/movie/archive/mr-badrinath.html,10-06-2011,3.0
627,Vaishali,http://www.idlebrain.com/movie/archive/mr-vaishali.html,27-05-2011,3.0
626,100% Love,http://www.idlebrain.com/movie/archive/mr-100percentlove.html,06-05-2011,3.5
625,Mr. Perfect,http://www.idlebrain.com/movie/archive/mr-mrperfect.html,22-04-2011,3.25
624,Teen Maar,http://www.idlebrain.com/movie/archive/mr-teenmaar.html,14-04-2011,3.25
623,Shakti,http://www.idlebrain.com/movie/archive/mr-shakti.html,01-04-2011,3.0
622,Aha Naa Pellanta,http://www.idlebrain.com/movie/archive/mr-ahanaapellanta.html,02-03-2011,3.0
621,Kudirithe Kappu Coffee,http://www.idlebrain.com/movie/archive/mr-kkc.html,25-02-2011,3.0
620,LBW (Life Before Wedding),http://www.idlebrain.com/movie/archive/mr-lbw.html,18-02-2011,3.25
619,Vastadu Naa Raju,http://www.idlebrain.com/movie/archive/mr-vastadunaaraju.html,11-02-2011,3.25
618,Gaganam,http://www.idlebrain.com/movie/archive/mr-gaganam.html,11-02-2011,3.25
617,Jai Bolo Telangana,http://www.idlebrain.com/movie/archive/mr-jaibolotelangana.html,04-02-2011,0.0
616,Ala Modalaindi,http://www.idlebrain.com/movie/archive/mr-alamodalaindi.html,21-01-2011,3.25
615,Golkonda High School,http://www.idlebrain.com/movie/archive/mr-golkondahighschool.html,15-01-2011,3.25
614,Anaganaga O Dheerudu,http://www.idlebrain.com/movie/archive/mr-anaganagaodheerudu.html,14-01-2011,3.25
613,Mirapakai,http://www.idlebrain.com/movie/archive/mr-mirapakai.html,13-01-2011,3.0
612,Ragada,http://www.idlebrain.com/movie/archive/mr-ragada.html,24-12-2010,3.0
611,Manmadha Banam,http://www.idlebrain.com/movie/archive/mr-manmadhabanam.html,23-12-2010,3.0
610,Nagavalli,http://www.idlebrain.com/movie/archive/mr-nagavalli.html,16-12-2010,3.0
609,Kathi Kantha Rao,http://www.idlebrain.com/movie/archive/mr-kathikantharao.html,10-12-2010,3.0
608,Manasara,http://www.idlebrain.com/movie/archive/mr-manasara.html,10-12-2010,3.0
607,Rakta Charitra 2,http://www.idlebrain.com/movie/archive/mr-raktacharitra2.html,02-12-2010,3.0
606,Orange,http://www.idlebrain.com/movie/archive/mr-orange.html,26-11-2010,3.25
605,Yemaindi Ee Vela,http://www.idlebrain.com/movie/archive/mr-yemaindieevela.html,12-11-2010,2.75
604,Kalyan Ram Kathi,http://www.idlebrain.com/movie/archive/mr-kalyanramkathi.html,12-11-2010,3.0
603,Rakta Charitra 1,http://www.idlebrain.com/movie/archive/mr-raktacharitra1.html,22-10-2010,3.25
602,Brindavanam,http://www.idlebrain.com/movie/archive/mr-brindavanam.html,14-10-2010,3.25
601,Khaleja,http://www.idlebrain.com/movie/archive/mr-khaleja.html,07-10-2010,3.0
600,Robo,http://www.idlebrain.com/movie/archive/mr-robo.html,01-10-2010,4.0
599,Saradaga Kasepu,http://www.idlebrain.com/movie/archive/mr-saradagakasepu.html,17-09-2010,3.0
598,Komaram Puli,http://www.idlebrain.com/movie/archive/mr-komarampuli.html,10-09-2010,2.0
597,Don Seenu,http://www.idlebrain.com/movie/archive/mr-donseenu.html,06-08-2010,3.0
596,Maryada Ramanna,http://www.idlebrain.com/movie/archive/mr-maryadaramanna.html,23-07-2010,3.5
595,Jhummandi Naadam,http://www.idlebrain.com/movie/archive/mr-jhummandinaadam.html,01-07-2010,3.0
594,Vedam,http://www.idlebrain.com/movie/archive/mr-vedam.html,04-06-2010,3.5
593,Awara,http://www.idlebrain.com/movie/archive/mr-awara.html,21-05-2010,3.0
592,Andari bandhuvaya,http://www.idlebrain.com/movie/archive/mr-andaribandhuvaya.html,14-05-2010,3.0
591,Rama Rama Krishna Krishna,http://www.idlebrain.com/movie/archive/mr-ramaramakrishnakrishna.html,12-05-2010,3.0
590,Simha,http://www.idlebrain.com/movie/archive/mr-simha.html,30-04-2010,3.0
589,Darling,http://www.idlebrain.com/movie/archive/mr-darling.html,23-04-2010,3.0
588,Prasthanam,http://www.idlebrain.com/movie/archive/mr-prasthanam.html,16-04-2010,3.0
587,Varudu,http://www.idlebrain.com/movie/archive/mr-varudu.html,31-03-2010,2.5
586,Maro Charitra,http://www.idlebrain.com/movie/archive/mr-marocharitra.html,25-03-2010,2.0
585,Taj Mahal,http://www.idlebrain.com/movie/archive/mr-tajmahal.html,20-03-2010,3.0
584,Ye Maya Chesave,http://www.idlebrain.com/movie/archive/mr-yemayachesave.html,26-02-2010,4.0
583,Leader,http://www.idlebrain.com/movie/archive/mr-leader.html,19-02-2010,3.0
582,Kedi,http://www.idlebrain.com/movie/archive/mr-kedi.html,12-02-2010,2.25
581,Bindaas,http://www.idlebrain.com/movie/archive/mr-bindaas.html,05-02-2010,3.0
580,Seetaramula Kalynam Lankalo,http://www.idlebrain.com/movie/archive/mr-seetaramulakalyanam.html,22-01-2010,2.25
579,Sambho Siva Sambho,http://www.idlebrain.com/movie/archive/mr-sambhosivasambho.html,14-01-2010,2.75
578,Om Shanti,http://www.idlebrain.com/movie/archive/mr-omshanti.html,13-01-2010,2.0
577,Namo Venkatesa,http://www.idlebrain.com/movie/archive/mr-namovenkatesa.html,14-01-2010,3.0
576,Adurs,http://www.idlebrain.com/movie/archive/mr-adurs.html,13-01-2010,3.0
575,Saleem,http://www.idlebrain.com/movie/archive/mr-saleem.html,12-12-2009,2.0
574,Katha,http://www.idlebrain.com/movie/archive/mr-katha.html,12-12-2009,2.75
573,Pravarakhyudu,http://www.idlebrain.com/movie/archive/mr-pravarakhyudu.html,04-12-2009,2.75
572,Amaravathi,http://www.idlebrain.com/movie/archive/mr-amaravathi.html,03-12-2009,2.5
571,Arya 2,http://www.idlebrain.com/movie/archive/mr-arya2.html,27-11-2009,3.0
570,Kurradu,http://www.idlebrain.com/movie/archive/mr-kurradu.html,12-11-2009,2.25
569,A aa e ee,http://www.idlebrain.com/movie/archive/mr-aaaeee.html,06-11-2009,2.0
568,Villagelo Vinayakudu,http://www.idlebrain.com/movie/archive/mr-villagelovinyakudu.html,05-11-2009,2.75
567,Ek Niranjan,http://www.idlebrain.com/movie/archive/mr-ekniranjan.html,29-10-2009,3.0
566,Jayeebhava,http://www.idlebrain.com/movie/archive/mr-jayeebhava.html,23-10-2009,3.0
565,Bendu Appa Rao RMP,http://www.idlebrain.com/movie/archive/mr-benduapparao.html,16-10-2009,3.0
564,Mahatma,http://www.idlebrain.com/movie/archive/mr-mahatma.html,09-10-2009,3.0
563,Ninnu Kalisaka,http://www.idlebrain.com/movie/archive/mr-ninnukalisaka.html,02-10-2009,2.0
562,Ganesh (just Ganesh),http://www.idlebrain.com/movie/archive/mr-ganesh.html,24-09-2009,3.0
561,Eenadu,http://www.idlebrain.com/movie/archive/mr-eenadu.html,18-09-2009,3.0
560,Baanam,http://www.idlebrain.com/movie/archive/mr-baanam.html,16-09-2009,3.25
559,Sankham,http://www.idlebrain.com/movie/archive/mr-sankham.html,11-09-2009,2.5
558,Josh,http://www.idlebrain.com/movie/archive/mr-josh.html,03-09-2009,2.75
557,Mallanna,http://www.idlebrain.com/movie/archive/mr-mallanna.html,21-08-2009,2.5
556,Anjaneyulu,http://www.idlebrain.com/movie/archive/mr-anjaneyulu.html,12-08-2009,3.0
555,Snehituda,http://www.idlebrain.com/movie/archive/mr-snehituda.html,07-08-2009,2.5
554,Magadheera,http://www.idlebrain.com/movie/archive/mr-magadheera.html,30-07-2009,3.5
553,Kalavaramaye Madilo,http://www.idlebrain.com/movie/archive/mr-kalavaramayemadilo.html,17-07-2009,2.5
552,Gopi Gopika Godavari,http://www.idlebrain.com/movie/archive/mr-gopigopikagodavari.html,10-07-2009,2.0
551,Oy!,http://www.idlebrain.com/movie/archive/mr-oy.html,03-07-2009,3.0
550,Evaraina Epudaina,http://www.idlebrain.com/movie/archive/mr-evarainaepudaina.html,26-06-2009,2.75
549,Raju Maharaju,http://www.idlebrain.com/movie/archive/mr-rajumaharaju.html,19-06-2009,2.25
548,Current,http://www.idlebrain.com/movie/archive/mr-current.html,19-06-2009,2.25
547,Boni,http://www.idlebrain.com/movie/archive/mr-boni.html,12-06-2009,2.0
546,Ride,http://www.idlebrain.com/movie/archive/mr-ride.html,05-06-2009,2.75
545,Kavya's Diary,http://www.idlebrain.com/movie/archive/mr-kavyasdiary.html,05-06-2009,2.25
544,Aa Okkadu,http://www.idlebrain.com/movie/archive/mr-aaokkadu.html,05-06-2009,2.25
543,Diary,http://www.idlebrain.com/movie/archive/mr-diary.html,29-05-2009,2.5
542,Pista,http://www.idlebrain.com/movie/archive/mr-pista.html,29-05-2009,2.5
541,Prayanam,http://www.idlebrain.com/movie/archive/mr-prayanam.html,29-05-2009,3.0
540,Kick,http://www.idlebrain.com/movie/archive/mr-kick.html,08-05-2009,3.25
539,Mitrudu,http://www.idlebrain.com/movie/archive/mr-mitrudu.html,01-05-2009,3.0
538,Veedokkade,http://www.idlebrain.com/movie/archive/mr-veedokkade.html,01-05-2009,3.0
537,Circus Circus,http://www.idlebrain.com/movie/archive/mr-circuscircus.html,24-04-2009,0.0
536,Adhineta,http://www.idlebrain.com/movie/archive/mr-adhineta.html,24-04-2009,2.0
535,Punnami Nagu,http://www.idlebrain.com/movie/archive/mr-punnaminagu.html,10-04-2009,1.5
534,Ananda Tandavam,http://www.idlebrain.com/movie/archive/mr-anandatandavam.html,10-04-2009,1.5
533,Billa,http://www.idlebrain.com/movie/archive/mr-billa.html,03-04-2009,3.0
532,Bheebatsam,http://www.idlebrain.com/movie/archive/mr-bheebatsam.html,27-03-2009,1.5
531,Aakasamantha,http://www.idlebrain.com/movie/archive/mr-aakasamantha.html,27-03-2009,3.0
530,Manorama,http://www.idlebrain.com/movie/archive/mr-manorama.html,27-03-2009,3.0
529,Malli Malli,http://www.idlebrain.com/movie/archive/mr-mallimalli.html,21-03-2009,2.0
528,Sontha Vooru,http://www.idlebrain.com/movie/archive/mr-sonthavooru.html,21-03-2009,2.5
527,Mesthri,http://www.idlebrain.com/movie/archive/mr-mesthri.html,12-03-2009,1.5
526,Naa Girl Friend Baga Rich,http://www.idlebrain.com/movie/archive/mr-naagirlfriendbagarich.html,06-03-2009,1.0
525,Drona,http://www.idlebrain.com/movie/archive/mr-drona.html,20-02-2009,2.0
524,16 Days,http://www.idlebrain.com/movie/archive/mr-16days.html,20-02-2009,1.5
523,Satyameva Jayathe,http://www.idlebrain.com/movie/archive/mr-satyamevajayathe.html,13-02-2009,2.0
522,Siddham,http://www.idlebrain.com/movie/archive/mr-siddham.html,12-02-2009,3.0
521,Nenu Devudni,http://www.idlebrain.com/movie/archive/mr-nenudevudni.html,06-02-2009,0.0
520,Konchem Istam Koncem Kastam,http://www.idlebrain.com/movie/archive/mr-kikk.html,05-02-2009,3.0
519,Shh...,http://www.idlebrain.com/movie/archive/mr-shh.html,23-01-2009,2.5
518,Arundhati,http://www.idlebrain.com/movie/archive/mr-arundhati.html,16-01-2009,4.0
517,Maska,http://www.idlebrain.com/movie/archive/mr-maska.html,14-01-2009,3.0
516,Indumathi,http://www.idlebrain.com/movie/archive/mr-indumathi.html,01-01-2009,2.75
515,Sasirekha Parinayam,http://www.idlebrain.com/movie/archive/mr-sasirekhaparinayam.html,01-01-2009,3.0
514,King,http://www.idlebrain.com/movie/archive/mr-king.html,25-12-2008,3.0
513,Nachavule,http://www.idlebrain.com/movie/archive/mr-nachavule.html,19-12-2008,3.0
512,Neninthe,http://www.idlebrain.com/movie/archive/mr-neninthe.html,18-12-2008,2.5
511,Dongala Bandi,http://www.idlebrain.com/movie/archive/mr-dongalabandi.html,12-12-2008,1.5
510,Kuberulu,http://www.idlebrain.com/movie/archive/mr-kuberulu.html,05-12-2008,1.5
509,Surya s/o Krishnan,http://www.idlebrain.com/movie/archive/mr-suryasokrishnan.html,14-11-2008,2.5
508,Avakai Biryani,http://www.idlebrain.com/movie/archive/mr-avakaibiryani.html,14-11-2008,2.25
507,Blade Babji,http://www.idlebrain.com/movie/archive/mr-bladebabji.html,24-10-2008,3.0
506,Nenu Meeku Telusa?,http://www.idlebrain.com/movie/archive/mr-nenumeekutelusa.html,10-10-2008,3.0
505,Kotha Bangaru Lokam,http://www.idlebrain.com/movie/archive/mr-kothabangarulokam.html,09-10-2008,4.0
504,Rainbow,http://www.idlebrain.com/movie/archive/mr-rainbow.html,02-10-2008,2.25
503,Chintakayala Ravi,http://www.idlebrain.com/movie/archive/mr-chintakayalaravi.html,02-10-2008,3.0
502,Souryam,http://www.idlebrain.com/movie/archive/mr-souryam.html,25-09-2008,3.0
501,Gunde Jhallumandi,http://www.idlebrain.com/movie/archive/mr-gundejhallumandi.html,12-09-2008,3.0
500,Saroja,http://www.idlebrain.com/movie/archive/mr-saroja.html,05-09-2008,3.0
499,Ashta Chemma,http://www.idlebrain.com/movie/archive/mr-ashtachemma.html,05-09-2008,3.25
498,Kathanayakudu,http://www.idlebrain.com/movie/archive/mr-kathanayakudu.html,01-08-2008,3.0
497,Ullasanga Utsahanga,http://www.idlebrain.com/movie/archive/mr-ullasangautsahanga.html,25-07-2008,3.0
496,Ready,http://www.idlebrain.com/movie/archive/mr-ready.html,19-06-2008,3.25
495,Dasavatharam,http://www.idlebrain.com/movie/archive/mr-dasavatharam.html,13-06-2008,2.5
494,Pandurangadu,http://www.idlebrain.com/movie/archive/mr-pandurangadu.html,30-05-2008,3.0
493,Bujjigadu,http://www.idlebrain.com/movie/archive/mr-bujjigadu.html,22-05-2008,3.0
492,Kantri,http://www.idlebrain.com/movie/archive/mr-kantri.html,09-05-2008,3.0
491,Parugu,http://www.idlebrain.com/movie/archive/mr-parugu.html,01-05-2008,3.0
490,Bhale Dongalu,http://www.idlebrain.com/movie/archive/mr-bhaledongalu.html,11-04-2008,3.0
489,Jalsa,http://www.idlebrain.com/movie/archive/mr-jalsa.html,02-04-2008,3.0
488,Gamyam,http://www.idlebrain.com/movie/archive/mr-gamyam.html,29-02-2008,3.25
487,Ontari,http://www.idlebrain.com/movie/archive/mr-ontari.html,14-02-2008,3.0
486,Mr. Medhavi,http://www.idlebrain.com/movie/archive/mr-mrmedhavi.html,26-01-2008,3.25
485,Swagatam,http://www.idlebrain.com/movie/archive/mr-swagatam.html,25-01-2008,3.0
484,Vaana,http://www.idlebrain.com/movie/archive/mr-vaana.html,15-01-2008,3.0
483,Pourudu,http://www.idlebrain.com/movie/archive/mr-pourudu.html,13-01-2008,3.0
482,Krishna (the power of Indrakeeladri),http://www.idlebrain.com/movie/archive/mr-krishna.html,12-01-2008,3.25
481,Mee Sreyobhilashi,http://www.idlebrain.com/movie/archive/mr-meesreyobhilashi.html,28-12-2007,3.0
480,Anasuya,http://www.idlebrain.com/movie/archive/mr-anasuya.html,21-12-2007,3.0
479,Mantra,http://www.idlebrain.com/movie/archive/mr-mantra.html,14-12-2007,3.0
478,Seema Sastri,http://www.idlebrain.com/movie/archive/mr-seemasastri.html,16-11-2007,3.0
477,Athidi,http://www.idlebrain.com/movie/archive/mr-athidi.html,18-10-2007,3.0
476,Tulasi,http://www.idlebrain.com/movie/archive/mr-tulasi.html,12-10-2007,3.0
475,Bhayya,http://www.idlebrain.com/movie/archive/mr-bhayya.html,05-10-2007,3.0
474,Chirutha,http://www.idlebrain.com/movie/archive/mr-chirutha.html,28-09-2007,3.0
473,Happy Days,http://www.idlebrain.com/movie/archive/mr-happydays.html,28-09-2007,3.5
472,Chandamama,http://www.idlebrain.com/movie/archive/mr-chandamama.html,15-09-2007,3.0
471,Raghavan,http://www.idlebrain.com/movie/archive/mr-raghavan.html,01-09-2007,3.25
470,Yamadonga,http://www.idlebrain.com/movie/archive/mr-yamadonga.html,15-08-2007,3.0
469,Allare Allari,http://www.idlebrain.com/movie/archive/../thegoodthebadtheugly/allareallari.html,10-08-2007,0.0
468,Himsinche 23va Raju Pulakesi,http://www.idlebrain.com/movie/archive/../thegoodthebadtheugly/himsinche23varajupulakesi.html,03-08-2007,0.0
467,Shankar Dada Zindabad,http://www.idlebrain.com/movie/archive/mr-shankardadazindabad.html,27-07-2007,3.0
466,Toss,http://www.idlebrain.com/movie/archive/../thegoodthebadtheugly/toss.html,14-07-2007,0.0
465,Satyabhama,http://www.idlebrain.com/movie/archive/../thegoodthebadtheugly/satyabhama.html,06-07-2007,0.0
464,Lakshyam,http://www.idlebrain.com/movie/archive/mr-lakshyam.html,05-07-2007,3.0
463,Bahumati,http://www.idlebrain.com/movie/archive/mr-bahumati.html,30-06-2007,3.0
462,Chandrahas,http://www.idlebrain.com/movie/archive/../thegoodthebadtheugly/chandrahas.html,29-06-2006,0.0
461,Sivaji,http://www.idlebrain.com/movie/archive/mr-sivaji.html,15-06-2007,3.0
460,Dubai Seenu,http://www.idlebrain.com/movie/archive/mr-dubaiseenu.html,07-06-2007,3.0
459,Operation Duryodhana,http://www.idlebrain.com/movie/archive/../thegoodthebadtheugly/operationduryodhana.html,31-05-2007,0.0
458,Veduka,http://www.idlebrain.com/movie/archive/../thegoodthebadtheugly/veduka.html,31-05-2007,0.0
457,Confessions of a Film maker,http://www.idlebrain.com/movie/archive/mr-coafm.html,12-05-2007,0.0
456,Aata,http://www.idlebrain.com/movie/archive/mr-aata.html,09-05-2007,3.0
455,Sri Mahalakshmi,http://www.idlebrain.com/movie/archive/mr-srimahalakshmi.html,04-05-2007,3.0
454,Munna,http://www.idlebrain.com/movie/archive/mr-munna.html,02-05-2007,3.0
453,Aadavari Matalaku Ardhale Verule,http://www.idlebrain.com/movie/archive/mr-amav.html,27-04-2007,3.5
452,Classmates,http://www.idlebrain.com/movie/archive/mr-classmates.html,20-04-2007,3.0
451,Dhee,http://www.idlebrain.com/movie/archive/mr-dhee.html,13-04-2007,3.5
450,Athili Sathibabu LKG,http://www.idlebrain.com/movie/archive/mr-athilisathibabulkg.html,06-04-2007,3.0
449,Jagadam,http://www.idlebrain.com/movie/archive/mr-jagadam.html,16-03-2007,3.25
448,Okkadunnadu,http://www.idlebrain.com/movie/archive/mr-okkadunnadu.html,02-03-2007,3.25
447,Lakshmi Kalyanam,http://www.idlebrain.com/movie/archive/mr-lakshmikalyanam.html,15-02-2007,3.0
446,Madhumasam,http://www.idlebrain.com/movie/archive/mr-madhumasam.html,09-02-2007,3.0
445,Maharadhi,http://www.idlebrain.com/movie/archive/mr-maharadhi.html,01-02-2007,3.0
444,Yogi,http://www.idlebrain.com/movie/archive/mr-yogi.html,14-01-2007,3.0
443,Desamuduru,http://www.idlebrain.com/movie/archive/mr-desamuduru.html,12-01-2007,3.0
442,Abaddam,http://www.idlebrain.com/movie/archive/../thegoodthebadtheugly/abaddam.html,30-12-2006,0.0
441,Annavaram,http://www.idlebrain.com/movie/archive/mr-annavaram.html,29-12-2006,3.25
440,Rakhi,http://www.idlebrain.com/movie/archive/mr-rakhi.html,22-12-2006,3.25
439,Khatarnak,http://www.idlebrain.com/movie/archive/../thegoodthebadtheugly/khatarnak.html,14-12-2006,0.0
438,Pellaina Kothalo,http://www.idlebrain.com/movie/archive/mr-pellainakothalo.html,08-12-2006,3.0
437,Bhagyalakshmi Bumper Draw,http://www.idlebrain.com/movie/archive/mr-bhagyalakshmibumperdraw.html,16-11-2006,3.0
436,Chinnodu,http://www.idlebrain.com/movie/archive/mr-chinnodu.html,27-10-2006,3.0
435,Samanyudu,http://www.idlebrain.com/movie/archive/mr-samanyudu.html,19-10-2006,3.0
434,Boss,http://www.idlebrain.com/movie/archive/mr-boss.html,27-09-2006,3.25
433,Stalin,http://www.idlebrain.com/movie/archive/mr-stalin.html,20-09-2006,3.5
432,Andala Ramudu,http://www.idlebrain.com/movie/archive/mr-andalaramudu.html,18-08-2006,3.0
431,Bommarillu,http://www.idlebrain.com/movie/archive/mr-bommarillu.html,09-08-2006,4.5
430,Amma Cheppindi,http://www.idlebrain.com/movie/archive/mr-ammacheppindi.html,28-07-2006,3.0
429,Ashok,http://www.idlebrain.com/movie/archive/mr-ashok.html,13-07-2006,3.25
428,Vikramarkudu,http://www.idlebrain.com/movie/archive/mr-vikramarkudu.html,23-06-2006,3.5
427,Godavari,http://www.idlebrain.com/movie/archive/mr-godavari.html,19-05-2006,3.75
426,Veerabhadra,http://www.idlebrain.com/movie/archive/mr-veerabhadra.html,29-04-2006,3.0
425,Pokiri,http://www.idlebrain.com/movie/archive/mr-pokiri.html,28-04-2006,3.5
424,Pournami,http://www.idlebrain.com/movie/archive/mr-pournami.html,20-04-2006,3.0
423,Sri Ramadasu,http://www.idlebrain.com/movie/archive/mr-sriramadasu.html,30-03-2006,3.75
422,Rajababu,http://www.idlebrain.com/movie/archive/mr-rajababu.html,24-02-2006,3.0
421,Asadhyudu,http://www.idlebrain.com/movie/archive/mr-asadhyudu.html,16-02-2006,3.25
420,Ranam,http://www.idlebrain.com/movie/archive/mr-ranam.html,10-02-2006,3.25
419,Shock,http://www.idlebrain.com/movie/archive/mr-shock.html,09-02-2006,3.0
418,Sarada Saradaga,http://www.idlebrain.com/movie/archive/mr-saradasaradaga.html,27-01-2006,2.0
417,Happy,http://www.idlebrain.com/movie/archive/mr-happy.html,27-01-2006,3.25
416,Chukkallo Chandrudu,http://www.idlebrain.com/movie/archive/mr-chukkallochandrudu.html,14-01-2006,3.25
415,Lakshmi,http://www.idlebrain.com/movie/archive/mr-lakshmi.html,14-01-2006,3.0
414,Style,http://www.idlebrain.com/movie/archive/mr-style.html,12-01-2006,3.25
413,Devadasu,http://www.idlebrain.com/movie/archive/mr-devadasu.html,11-01-2006,3.0
412,Gowtam SSC,http://www.idlebrain.com/movie/archive/mr-gowtamssc.html,30-12-2005,3.0
411,Jai Chiranjeeva!,http://www.idlebrain.com/movie/archive/mr-jaichiranjeeva.html,21-12-2005,3.0
410,Aaru,http://www.idlebrain.com/movie/archive/mr-aaru.html,09-12-2005,2.5
409,Sri,http://www.idlebrain.com/movie/archive/mr-sri.html,03-12-2005,2.75
408,Mahanandi,http://www.idlebrain.com/movie/archive/mr-mahanandi.html,03-12-2005,2.75
407,Vennela,http://www.idlebrain.com/movie/archive/mr-vennela.html,26-11-2005,2.75
406,Seenugadu Chiranjeevi Fan,http://www.idlebrain.com/movie/archive/mr-seenugaduchiranjeevifan.html,23-11-2005,2.0
405,Meenakshi,http://www.idlebrain.com/movie/archive/mr-meenakshi.html,18-11-2005,1.5
404,Ghazani,http://www.idlebrain.com/movie/archive/mr-ghajini.html,04-11-2005,3.25
403,Mazaa,http://www.idlebrain.com/movie/archive/mr-mazaa.html,01-11-2005,3.0
402,Moguds Pellams,http://www.idlebrain.com/movie/archive/mr-mogudspellams.html,29-10-2005,2.0
401,Danger,http://www.idlebrain.com/movie/archive/mr-danger.html,29-10-2005,2.75
400,Bhama Kalapam,http://www.idlebrain.com/movie/archive/mr-bhamakalapam.html,28-10-2005,1.0
399,Vamsam,http://www.idlebrain.com/movie/archive/mr-vamsam.html,21-10-2005,1.5
398,Modati Cinema,http://www.idlebrain.com/movie/archive/mr-modaticinema.html,21-10-2005,2.75
397,Bhageeratha,http://www.idlebrain.com/movie/archive/mr-bhageeratha.html,13-10-2005,3.0
396,Premiste,http://www.idlebrain.com/movie/archive/mr-premiste.html,12-10-2005,3.0
395,Allari Pidugu,http://www.idlebrain.com/movie/archive/mr-allaripidugu.html,05-10-2005,2.75
394,Chatrapati,http://www.idlebrain.com/movie/archive/mr-chatrapati.html,30-09-2005,3.5
393,Political Rowdy,http://www.idlebrain.com/movie/archive/mr-politicalrowdy.html,29-09-2005,2.75
392,Good Boy,http://www.idlebrain.com/movie/archive/mr-goodboy.html,22-09-2005,3.0
391,Nayakudu,http://www.idlebrain.com/movie/archive/mr-nayakudu.html,16-09-2005,2.5
390,Allari Bullodu,http://www.idlebrain.com/movie/archive/mr-allaribullodu.html,15-09-2005,2.75
389,Mogudu Pellam O Dongodu,http://www.idlebrain.com/movie/archive/mr-mogudupellamodongodu.html,07-09-2005,2.5
388,Okkade,http://www.idlebrain.com/movie/archive/mr-okkade1.html,01-09-2005,3.0
387,Muddula Koduku,http://www.idlebrain.com/movie/archive/mr-muddulakoduku.html,01-09-2005,3.0
386,123 from Amalapuram,http://www.idlebrain.com/movie/archive/mr-123fromamalapuram.html,25-08-2005,1.5
385,Adirindayya Chandram,http://www.idlebrain.com/movie/archive/mr-adirindayyachandram.html,20-08-2005,2.5
384,Please Naaku Pellaindi,http://www.idlebrain.com/movie/archive/mr-pleasenaakupellaindi.html,19-08-2005,1.5
383,Andhrudu,http://www.idlebrain.com/movie/archive/mr-andhrudu.html,19-08-2005,3.0
382,Nuvvante Nakistam,http://www.idlebrain.com/movie/archive/mr-nuvvantenakistam.html,12-08-2005,3.0
381,Athadu,http://www.idlebrain.com/movie/archive/mr-athadu.html,10-08-2005,3.25
380,Premikulu,http://www.idlebrain.com/movie/archive/mr-premikulu.html,04-08-2005,2.5
379,Satti,http://www.idlebrain.com/movie/archive/mr-satti.html,30-07-2005,1.5
378,Rendella Taruvatha,http://www.idlebrain.com/movie/archive/mr-rendellataruvatha.html,29-07-2005,2.5
377,Super,http://www.idlebrain.com/movie/archive/mr-super.html,21-07-2005,3.0
376,Kanchanamala Cable TV,http://www.idlebrain.com/movie/archive/mr-kanchanamalacabletv.html,15-07-2005,2.5
375,A film by Aravind,http://www.idlebrain.com/movie/archive/mr-afilmbyaravind.html,09-07-2005,3.0
374,Naa Oopiri,http://www.idlebrain.com/movie/archive/mr-naaoopiri.html,01-07-2005,3.0
373,Nireekshana,http://www.idlebrain.com/movie/archive/mr-nireekshana.html,01-07-2005,2.25
372,Oka Oorilo,http://www.idlebrain.com/movie/archive/mr-okaoorilo.html,01-07-2005,2.75
371,Anukokunda Oka Roju,http://www.idlebrain.com/movie/archive/mr-anukokundaokaroju.html,30-06-2005,3.5
370,Jagapati,http://www.idlebrain.com/movie/archive/mr-jagapathi.html,24-06-2005,2.0
369,Aparichitudu,http://www.idlebrain.com/movie/archive/mr-aparichitudu.html,17-06-2005,3.25
368,Andarivadu,http://www.idlebrain.com/movie/archive/mr-andarivadu.html,04-06-2005,3.0
367,Narasimhudu,http://www.idlebrain.com/movie/archive/mr-narasimhudu.html,20-05-2005,2.5
366,Kunkuma,http://www.idlebrain.com/movie/archive/mr-kunkuma.html,13-05-2005,1.5
365,Bhadra,http://www.idlebrain.com/movie/archive/mr-bhadra.html,12-05-2005,3.0
364,Athanokkade,http://www.idlebrain.com/movie/archive/mr-athanokkade.html,07-05-2005,3.25
363,Naa Pranamkante Ekkuva,http://www.idlebrain.com/movie/archive/mr-naapranamkanteekkuva.html,06-05-2005,1.5
362,Hungama,http://www.idlebrain.com/movie/archive/mr-hungama.html,28-04-2005,2.75
361,Mr. Erra Babu,http://www.idlebrain.com/movie/archive/mr-mrerrababu.html,28-04-2005,2.25
360,Subhash Chandra Bose,http://www.idlebrain.com/movie/archive/mr-subhashchandrabose.html,22-04-2005,2.5
359,Ayodhya,http://www.idlebrain.com/movie/archive/mr-ayodhya.html,21-04-2005,1.0
358,Mumbai Xpress,http://www.idlebrain.com/movie/archive/mr-mumbaixpress.html,14-04-2005,2.75
357,Chandramukhi,http://www.idlebrain.com/movie/archive/mr-chandramukhi.html,14-04-2005,2.75
356,Avunanna Kadanna,http://www.idlebrain.com/movie/archive/mr-avunannakadanna.html,06-04-2005,3.0
355,Bunny,http://www.idlebrain.com/movie/archive/mr-bunny.html,06-04-2005,3.5
354,Andagadu,http://www.idlebrain.com/movie/archive/mr-andagadu.html,01-04-2005,1.5
353,Soggadu,http://www.idlebrain.com/movie/archive/mr-soggadu.html,31-03-2005,3.25
352,Sada Mee Sevalo,http://www.idlebrain.com/movie/archive/mr-sadameesevalo.html,25-03-2005,3.0
351,Chakram,http://www.idlebrain.com/movie/archive/mr-chakram.html,25-03-2005,2.75
350,Prayatnam,http://www.idlebrain.com/movie/archive/mr-prayatnam.html,05-03-2005,2.5
349,Okkade Kani Iddaru,http://www.idlebrain.com/movie/archive/mr-okkade.html,05-03-2005,1.5
348,Slokam,http://www.idlebrain.com/movie/archive/mr-slokam.html,03-03-2005,1.5
347,Sravanamasam,http://www.idlebrain.com/movie/archive/mr-sravanamasam.html,26-02-2005,1.5
346,Relax,http://www.idlebrain.com/movie/archive/mr-relax.html,25-02-2005,2.5
345,Radha Gopalam,http://www.idlebrain.com/movie/archive/mr-radhagopalam.html,24-02-2005,2.75
344,Sankranthi,http://www.idlebrain.com/movie/archive/mr-sankranthi.html,18-02-2005,3.75
343,Manasu Maata Vinadu,http://www.idlebrain.com/movie/archive/mr-manasumatavinadu.html,12-02-2005,2.25
342,Dhairyam,http://www.idlebrain.com/movie/archive/mr-dhairyam.html,12-02-2005,2.5
341,Orey Pandu,http://www.idlebrain.com/movie/archive/mr-oreypandu.html,11-02-2005,1.5
340,Pandem,http://www.idlebrain.com/movie/archive/mr-pandem.html,05-02-2005,3.25
339,Are,http://www.idlebrain.com/movie/archive/mr-are.html,04-02-2005,2.0
338,786,http://www.idlebrain.com/movie/archive/mr-786.html,04-02-2005,2.5
337,Keelu Gurram,http://www.idlebrain.com/movie/archive/mr-keelugurram.html,04-02-2005,1.5
336,Evadi Gola Vaadidi,http://www.idlebrain.com/movie/archive/mr-evadigolavadidi.html,21-01-2005,2.5
335,Dhana 51,http://www.idlebrain.com/movie/archive/mr-dhana51.html,14-01-2005,2.5
334,Nuvvostanante Nenoddantana,http://www.idlebrain.com/movie/archive/mr-nuvvostanante.html,14-01-2005,4.0
333,Naa Alludu,http://www.idlebrain.com/movie/archive/mr-alludu.html,14-01-2005,2.5
332,Balu,http://www.idlebrain.com/movie/archive/mr-balu.html,06-01-2005,3.25
331,Prema Chadarangam,http://www.idlebrain.com/movie/archive/mr-premachadarangam.html,23-12-2004,3.0
330,Mass (dammunte kasko),http://www.idlebrain.com/movie/archive/mr-mass.html,23-12-2004,3.5
329,Vijayendra Varma,http://www.idlebrain.com/movie/archive/mr-vijayendravarma.html,15-12-2004,3.0
328,Vidyardhi,http://www.idlebrain.com/movie/archive/mr-vidyardhi.html,09-12-2004,2.25
327,Leela Mahal Center,http://www.idlebrain.com/movie/archive/mr-leelamahalcenter.html,04-12-2004,3.0
326,Konchem Touchlo Vunte Chebutanu,http://www.idlebrain.com/movie/archive/mr-ktvc.html,04-12-2004,3.0
325,No,http://www.idlebrain.com/movie/archive/mr-no.html,03-12-2004,1.5
324,Suryam,http://www.idlebrain.com/movie/archive/mr-suryam.html,02-12-2004,2.75
323,Sakhiya,http://www.idlebrain.com/movie/archive/mr-sakhiya.html,02-12-2004,2.75
322,Sundarangudu,http://www.idlebrain.com/movie/archive/mr-sundarangudu.html,26-11-2004,2.5
321,Kaani,http://www.idlebrain.com/movie/archive/mr-kaani.html,26-11-2004,2.0
320,Yuvasena (4 The People),http://www.idlebrain.com/movie/archive/mr-yuvasena.html,12-11-2004,3.0
319,Chanti (The Hero),http://www.idlebrain.com/movie/archive/mr-chanti.html,12-11-2004,2.5
318,7/G Brindavan Colony,http://www.idlebrain.com/movie/archive/mr-7gbrindavancolony.html,06-11-2004,3.75
317,Swarabhishekam,http://www.idlebrain.com/movie/archive/mr-swarabhishekam.html,05-11-2004,2.75
316,Apparao Driving School,http://www.idlebrain.com/movie/archive/mr-apparaodrivingschool.html,04-11-2004,2.5
315,Marrichettu,http://www.idlebrain.com/movie/archive/mr-marrichettu.html,22-10-2004,2.75
314,Aptudu,http://www.idlebrain.com/movie/archive/mr-aptudu.html,23-10-2004,2.5
313,Mr & Mrs Sailaja Krishna Murthy,http://www.idlebrain.com/movie/archive/mr-mrmrssailajakrishnamurthy.html,22-10-2004,3.0
312,Anand,http://www.idlebrain.com/movie/archive/mr-anand.html,15-10-2004,3.75
311,Shankardada MBBS,http://www.idlebrain.com/movie/archive/mr-shankardadambbs.html,15-10-2004,4.0
310,Satruvu,http://www.idlebrain.com/movie/archive/mr-satruvu.html,08-10-2004,2.0
309,Monalisa,http://www.idlebrain.com/movie/archive/mr-monalisa.html,07-10-2004,2.25
308,Letha Manasulu,http://www.idlebrain.com/movie/archive/mr-lethamanasulu.html,01-10-2004,2.25
307,Cheppave Chirugali,http://www.idlebrain.com/movie/archive/mr-cheppavechirugali.html,24-09-2004,2.0
306,Sye,http://www.idlebrain.com/movie/archive/mr-sye.html,23-09-2004,3.0
305,Pothuraju,http://www.idlebrain.com/movie/archive/mr-pothuraju.html,17-09-2004,3.25
304,Gudumba Shankar,http://www.idlebrain.com/movie/archive/mr-gudumbashankar.html,10-09-2004,2.5
303,Madyahnapu Hatya,http://www.idlebrain.com/movie/archive/mr-madyahnapuhatya.html,03-09-2004,2.0
302,Gowri,http://www.idlebrain.com/movie/archive/mr-gowri.html,03-09-2004,3.0
301,143 (and I miss you),http://www.idlebrain.com/movie/archive/mr-143.html,27-08-2004,3.25
300,Shiv Shankar,http://www.idlebrain.com/movie/archive/mr-shivshankar.html,25-08-2004,2.5
299,Arjun,http://www.idlebrain.com/movie/archive/mr-arjun.html,18-08-2004,3.0
298,Valliddaru Okkate,http://www.idlebrain.com/movie/archive/mr-valliddaruokkate.html,13-08-2004,2.75
297,Intlo Srimati Veedhilo Kumari,http://www.idlebrain.com/movie/archive/mr-isvk.html,13-08-2004,2.5
296,Naa Autograph,http://www.idlebrain.com/movie/archive/mr-naaautograph.html,11-08-2004,2.5
295,Donga Dongadi,http://www.idlebrain.com/movie/archive/mr-dongadongadi.html,06-08-2004,3.25
294,Pallakilo Pellokoothuru,http://www.idlebrain.com/movie/archive/mr-pallakilopellikoothuru.html,30-07-2004,2.5
293,Gharshana,http://www.idlebrain.com/movie/archive/mr-gharshana.html,30-07-2004,3.0
292,Sri Anjaneyam,http://www.idlebrain.com/movie/archive/mr-srianjaneyam.html,23-07-2004,3.25
291,Swamy,http://www.idlebrain.com/movie/archive/mr-swamy.html,16-07-2004,2.0
290,Ammayi Bagundi,http://www.idlebrain.com/movie/archive/mr-ammayibagundi.html,16-07-2004,3.0
289,KD No1,http://www.idlebrain.com/movie/archive/mr-kdno1.html,09-07-2004,1.5
288,Yagnam,http://www.idlebrain.com/movie/archive/mr-yagnam.html,02-07-2004,3.25
287,Hyderabad Blues 2,http://www.idlebrain.com/movie/archive/mr-hyderabadblues2.html,02-07-2004,3.5
286,Koduku,http://www.idlebrain.com/movie/archive/mr-koduku.html,25-06-2004,1.0
285,Xtra,http://www.idlebrain.com/movie/archive/mr-xtra.html,25-06-2004,2.0
284,Bhadradi Ramudu,http://www.idlebrain.com/movie/archive/mr-bhadradiramudu.html,25-06-2004,2.0
283,Grahanam,http://www.idlebrain.com/movie/archive/mr-grahanam.html,unreleased,3.5
282,Andaru Dongale Dorikithe,http://www.idlebrain.com/movie/archive/mr-add.html,18-06-2004,3.0
281,Samba,http://www.idlebrain.com/movie/archive/mr-samba.html,09-06-2004,3.5
280,Aithe Enti,http://www.idlebrain.com/movie/archive/mr-aitheenti.html,29-05-2004,1.0
279,Oka Pellam Muddu Rendo Pellam Vaddu,http://www.idlebrain.com/movie/archive/mr-opmrpv.html,28-05-2004,2.25
278,Adavi Ramudu,http://www.idlebrain.com/movie/archive/mr-adaviramudu.html,21-05-2004,2.25
277,Yuva,http://www.idlebrain.com/movie/archive/mr-yuva.html,21-05-2004,3.25
276,Nani,http://www.idlebrain.com/movie/archive/mr-nani.html,14-05-2004,2.0
275,Arya,http://www.idlebrain.com/movie/archive/mr-arya.html,07-05-2004,4.0
274,Pedababu,http://www.idlebrain.com/movie/archive/mr-pedababu.html,30-04-2004,2.75
273,Seshadri Naidu,http://www.idlebrain.com/movie/archive/mr-seshadrinaidu.html,23-04-2004,1.5
272,Preminchukunnam Pelliki Randi,http://www.idlebrain.com/movie/archive/mr-preminchukunnampellikirandi.html,22-04-2004,2.5
271,Kushikushigaa,http://www.idlebrain.com/movie/archive/mr-kushikushiga.html,16-04-2004,2.5
270,Nenu,http://www.idlebrain.com/movie/archive/mr-nenu.html,15-04-2004,3.25
269,Puttintiki Raa Chelli,http://www.idlebrain.com/movie/archive/mr-puttintikiraachelli.html,14-04-2004,2.75
268,Nenunnanu,http://www.idlebrain.com/movie/archive/mr-nenunnanu.html,07-04-2004,2.75
267,Siva Putrudu,http://www.idlebrain.com/movie/archive/mr-sivaputrudu.html,02-04-2004,3.25
266,Kaasi,http://www.idlebrain.com/movie/archive/mr-kaasi.html,02-04-2004,3.0
265,Yours Abhi,http://www.idlebrain.com/movie/archive/mr-yoursabhi.html,02-04-2004,2.5
264,Sankharavam,http://www.idlebrain.com/movie/archive/mr-sankharavam.html,02-04-2004,3.0
263,Premante Maade,http://www.idlebrain.com/movie/archive/mr-premantemaade.html,01-04-2004,0.5
262,Venky,http://www.idlebrain.com/movie/archive/mr-venky.html,26-03-2004,3.0
261,Seenu Vasanthi Lakshmi,http://www.idlebrain.com/movie/archive/mr-seenuvasanthilakshmi.html,26-03-2004,3.75
260,Jai,http://www.idlebrain.com/movie/archive/mr-jai.html,25-03-2004,3.0
259,Satta,http://www.idlebrain.com/movie/archive/mr-satta.html,12-03-2004,2.0
258,Enjoy,http://www.idlebrain.com/movie/archive/mr-enjoy.html,05-03-2004,1.0
257,Guri,http://www.idlebrain.com/movie/archive/mr-guri.html,05-03-2004,1.5
256,Sorry Naaku Pellaindi,http://www.idlebrain.com/movie/archive/mr-sorrynaakupellaindi.html,05-03-2004,1.5
255,Rakta Kanneeru,http://www.idlebrain.com/movie/archive/mr-raktakanneeru.html,27-02-2004,3.0
254,Mee Intikoste Em Istaaru...,http://www.idlebrain.com/movie/archive/mr-mieimiet.html,27-02-2004,2.75
253,Swetha Naagu,http://www.idlebrain.com/movie/archive/mr-swethanaagu.html,18-02-2004,2.75
252,Malliswari,http://www.idlebrain.com/movie/archive/mr-malliswari.html,18-02-2004,4.0
251,Tapana,http://www.idlebrain.com/movie/archive/mr-tapana.html,13-02-2004,2.75
250,Anandamanandamaye,http://www.idlebrain.com/movie/archive/mr-anandamanandamaye.html,06-02-2004,3.0
249,Aruguru Pativratalu,http://www.idlebrain.com/movie/archive/mr-arugurupativratalu.html,06-02-2004,2.0
248,Love Today,http://www.idlebrain.com/movie/archive/mr-lovetoday.html,05-02-2004,2.5
247,Ika Antha Subhame Pelli Jaripinchandi,http://www.idlebrain.com/movie/archive/mr-iaspj.html,30-01-2004,1.0
246,Veguchukkalu,http://www.idlebrain.com/movie/archive/mr-veguchukkalu.html,30-01-2004,2.5
245,Athade Oka Sainyam,http://www.idlebrain.com/movie/archive/mr-aos.html,23-01-2004,2.5
244,Anji,http://www.idlebrain.com/movie/archive/mr-anji.html,15-01-2004,3.0
243,Varsham,http://www.idlebrain.com/movie/archive/mr-varsham.html,14-01-2004,3.25
242,Lakshmi Narasimha,http://www.idlebrain.com/movie/archive/mr-lakshminarasimha.html,14-01-2004,3.5
241,Andhrawala,http://www.idlebrain.com/movie/archive/mr-andhrawala.html,01-01-2004,2.5
240,Sathyam,http://www.idlebrain.com/movie/archive/mr-satyam.html,19-12-2003,3.25
239,Tiger Harischandra Prasad,http://www.idlebrain.com/movie/archive/mr-tigerharischandraprasad.html,18-12-2003,3.0
238,Avuna...!,http://www.idlebrain.com/movie/archive/mr-avuna.html,12-12-2003,1.0
237,Neeke Manasichanu,http://www.idlebrain.com/movie/archive/mr-neekemanasichanu.html,12-12-2003,3.0
236,Maa Alludu Very Good,http://www.idlebrain.com/movie/archive/mr-mavg.html,06-12-2003,3.0
235,Nee Manasu Naaku Telusu,http://www.idlebrain.com/movie/archive/mr-nmnt.html,06-12-2003,2.75
234,Missamma,http://www.idlebrain.com/movie/archive/mr-missamma.html,28-11-2003,3.5
233,Chantigadu,http://www.idlebrain.com/movie/archive/mr-chantigadu.html,26-11-2003,3.25
232,Villain,http://www.idlebrain.com/movie/archive/mr-villain.html,21-11-2003,2.75
231,Goa,http://www.idlebrain.com/movie/archive/mr-goa.html,14-11-2003,1.0
230,Backpocket,http://www.idlebrain.com/movie/archive/mr-backpocket.html,15-11-2003,1.5
229,Nenu Pelliki Ready,http://www.idlebrain.com/movie/archive/mr-nenupellikiready.html,14-11-2003,2.5
228,Abhimanyu,http://www.idlebrain.com/movie/archive/mr-abhimanyu.html,12-11-2003,3.25
227,Nenu Seetamahalakshi,http://www.idlebrain.com/movie/archive/mr-nenuseetamahalakshmi.html,08-11-2003,2.75
226,Sreeramachandrulu,http://www.idlebrain.com/movie/archive/mr-sreeramachandrulu.html,07-11-2003,2.25
225,Veede,http://www.idlebrain.com/movie/archive/mr-veede.html,31-10-2003,3.25
224,Shivamani 98480 22338,http://www.idlebrain.com/movie/archive/mr-shivamani.html,23-10-2003,3.25
223,Ori Nee Prema Bangaram Kaanu,http://www.idlebrain.com/movie/archive/mr-onpbk.html,16-10-2003,1.5
222,Inspector,http://www.idlebrain.com/movie/archive/mr-inspector.html,10-10-2003,2.0
221,Okariki Okaru,http://www.idlebrain.com/movie/archive/mr-okarikiokaru.html,09-10-2003,3.25
220,Toli Choopulone,http://www.idlebrain.com/movie/archive/mr-tolichoopulone.html,09-10-2003,3.0
219,Ela Cheppanu,http://www.idlebrain.com/movie/archive/mr-elacheppanu.html,02-10-2003,3.25
218,Vishnu,http://www.idlebrain.com/movie/archive/mr-vishnu.html,28-09-2003,3.0
217,Tagore,http://www.idlebrain.com/movie/archive/mr-tagore.html,24-09-2003,3.75
216,Janaki Weds Sreeram,http://www.idlebrain.com/movie/archive/mr-janakiwedssreeram.html,12-09-2003,2.75
215,Pellamtho Panenti..,http://www.idlebrain.com/movie/archive/mr-pellamthopanenti.html,12-09-2003,2.25
214,Oka Radha Iddaru Krishnula Pelli,http://www.idlebrain.com/movie/archive/mr-orikp.html,05-09-2003,2.5
213,Aadanthe Ado Type,http://www.idlebrain.com/movie/archive/mr-aat.html,30-08-2003,2.5
212,Boys,http://www.idlebrain.com/movie/archive/mr-boys.html,29-08-2003,3.5
211,Seetayya,http://www.idlebrain.com/movie/archive/mr-seetayya.html,22-08-2003,3.0
210,Anaganaga O Kurrodu,http://www.idlebrain.com/movie/archive/mr-aok.html,15-08-2003,2.25
209,Charminar,http://www.idlebrain.com/movie/archive/mr-charminar.html,15-08-2003,1.0
208,Neeku Nenu Naaku Nuvvu,http://www.idlebrain.com/movie/archive/mr-nnnn.html,15-08-2003,2.75
207,Oops,http://www.idlebrain.com/movie/archive/mr-oops.html,08-08-2003,1.5
206,Simhachalam,http://www.idlebrain.com/movie/archive/mr-simhachalam.html,08-08-2003,3.25
205,Dongodu,http://www.idlebrain.com/movie/archive/mr-dongodu.html,07-08-2003,2.75
204,Sambaram,http://www.idlebrain.com/movie/archive/mr-sambaram.html,31-07-2003,3.0
203,Sambhu,http://www.idlebrain.com/movie/archive/mr-sambhu.html,25-07-2003,0.5
202,Dham,http://www.idlebrain.com/movie/archive/mr-dham.html,25-07-2003,2.75
201,Praanam,http://www.idlebrain.com/movie/archive/mr-praanam.html,25-07-2003,3.0
200,Kalyana Ramudu,http://www.idlebrain.com/movie/archive/mr-kalyanaramudu.html,18-07-2003,3.25
199,Vasantham,http://www.idlebrain.com/movie/archive/mr-vasantham.html,11-07-2003,4.0
198,Simhadri,http://www.idlebrain.com/movie/archive/mr-simhadri.html,09-07-2003,3.5
197,Donga Ramudu & Party,http://www.idlebrain.com/movie/archive/mr-dongaramudu.html,26-06-2003,2.75
196,Oka Raju Oka Rani,http://www.idlebrain.com/movie/archive/mr-okarajuokarani.html,19-06-2003,3.0
195,Ninne Istapaddanu,http://www.idlebrain.com/movie/archive/mr-ninneistapaddanu.html,12-06-2003,3.25
194,Palanati Brahmanaidu,http://www.idlebrain.com/movie/archive/mr-brahmanaidu.html,05-06-2003,2.5
193,Nijam,http://www.idlebrain.com/movie/archive/mr-nijam.html,23-05-2003,3.0
192,Appudappudu,http://www.idlebrain.com/movie/archive/mr-appudappudu.html,16-05-2003,2.0
191,Vijayam,http://www.idlebrain.com/movie/archive/mr-vijayam.html,09-05-2003,2.75
190,Johnny,http://www.idlebrain.com/movie/archive/mr-johnny.html,25-04-2003,1.5
189,Amma Nanna O Tamil Ammai,http://www.idlebrain.com/movie/archive/mr-anota.html,19-04-2003,3.0
188,Magic Magic,http://www.idlebrain.com/movie/archive/mr-magicmagic.html,12-04-2003,4.0
187,Aithe,http://www.idlebrain.com/movie/archive/mr-aithe.html,11-04-2003,4.0
186,Ottesi Cheputunna,http://www.idlebrain.com/movie/archive/mr-ottesi.html,11-04-2003,3.0
185,Taarak,http://www.idlebrain.com/movie/archive/mr-taarak.html,09-04-2003,3.0
184,Dil,http://www.idlebrain.com/movie/archive/mr-dil.html,05-04-2003,3.5
183,Run,http://www.idlebrain.com/movie/archive/mr-run.html,04-04-2003,3.25
182,Karthik,http://www.idlebrain.com/movie/archive/mr-karthik.html,03-04-2003,1.0
181,Harivillu,http://www.idlebrain.com/movie/archive/mr-harivillu.html,02-04-2003,0.0
180,Raghavendra,http://www.idlebrain.com/movie/archive/mr-raghavendra.html,28-03-2003,3.25
179,Gangotri,http://www.idlebrain.com/movie/archive/mr-gangotri.html,28-03-2003,3.0
178,Jodi No.1,http://www.idlebrain.com/movie/archive/mr-jodino1.html,07-03-2003,1.0
177,Sathyame Sivam,http://www.idlebrain.com/movie/archive/mr-sathyamesivam.html,28-02-2003,3.5
176,Golmaal,http://www.idlebrain.com/movie/archive/mr-golmaal.html,21-02-2003,3.0
175,Kabaddi Kabaddi,http://www.idlebrain.com/movie/archive/mr-kabaddikabaddi.html,16-02-2003,3.5
174,Uthsaaham,http://www.idlebrain.com/movie/archive/mr-uthsaaham.html,07-02-2003,1.5
173,Ishi Maa Ashokgaadi Love story,http://www.idlebrain.com/movie/archive/mr-imagls.html,31-01-2003,2.0
172,Ammailu Abbailu,http://www.idlebrain.com/movie/archive/mr-ammailu.html,30-01-2003,2.0
171,Juniors,http://www.idlebrain.com/movie/archive/mr-juniors.html,24-01-2003,2.0
170,Pellam Voorelithe,http://www.idlebrain.com/movie/archive/mr-pellam.html,15-01-2003,3.5
169,Okkadu,http://www.idlebrain.com/movie/archive/mr-okkadu.html,15-01-2003,4.0
168,Ee Abbai Chala Manchodu,http://www.idlebrain.com/movie/archive/mr-eacm.html,14-01-2003,3.25
167,Naaga,http://www.idlebrain.com/movie/archive/mr-naaga.html,10-01-2003,2.75
166,Hollywood,http://www.idlebrain.com/movie/archive/mr-hollywood.html,03-01-2003,0.5
165,Anveshana,http://www.idlebrain.com/movie/archive/mr-anveshana.html,27-12-2002,2.0
164,Manmadhudu,http://www.idlebrain.com/movie/archive/mr-manmadhudu.html,20-12-2002,4.5
163,Premalo Pavani Kalyan,http://www.idlebrain.com/movie/archive/mr-premalopk.html,13-12-2002,2.0
162,Sandade Sandadi,http://www.idlebrain.com/movie/archive/mr-sandadesandadi.html,13-12-2002,2.75
161,Thottigang,http://www.idlebrain.com/movie/archive/mr-thottigang.html,06-12-2002,3.0
160,Yuvarathna,http://www.idlebrain.com/movie/archive/mr-yuvarathna.html,29-11-2002,1.5
159,Khadgam,http://www.idlebrain.com/movie/archive/mr-khadgam.html,29-11-2002,3.0
158,Jaatiya Pataakam,http://www.idlebrain.com/movie/archive/mr-jaatiyapataakam.html,22-11-2002,0.25
157,2 much,http://www.idlebrain.com/movie/archive/mr-2much.html,22-11-2002,1.0
156,Eeswar,http://www.idlebrain.com/movie/archive/mr-eeswar.html,10-11-2002,3.0
155,Sivaramaraju,http://www.idlebrain.com/movie/archive/mr-sivaramaraju.html,01-11-2002,2.75
154,Nee Sneham,http://www.idlebrain.com/movie/archive/mr-neesneham.html,01-11-2002,4.5
153,Bobby,http://www.idlebrain.com/movie/archive/mr-bobby.html,31-10-2002,3.25
152,Dhanalakshmi I Love You,http://www.idlebrain.com/movie/archive/mr-dhanalakshmi.html,18-10-2002,2.75
151,Gemini,http://www.idlebrain.com/movie/archive/mr-gemini.html,11-10-2002,2.0
150,Nuvve Nuvve,http://www.idlebrain.com/movie/archive/mr-nuvvenuvve.html,10-10-2002,4.0
149,Janda,http://www.idlebrain.com/movie/archive/mr-janda.html,02-10-2002,2.5
148,Chenna Kesava Reddy,http://www.idlebrain.com/movie/archive/mr-chennakesavareddy.html,25-09-2002,2.75
147,Okato Number Kurraadu,http://www.idlebrain.com/movie/archive/mr-okatonumber.html,18-09-2002,3.0
146,Show,http://www.idlebrain.com/movie/archive/mr-show.html,13-09-2002,4.0
145,Bharata Simha Reddy,http://www.idlebrain.com/movie/archive/mr-bharatasimhareddy.html,06-09-2002,3.0
144,Prudhvi Narayana,http://www.idlebrain.com/movie/archive/mr-prudhvinarayana.html,30-08-2002,1.0
143,Panchatantram,http://www.idlebrain.com/movie/archive/mr-panchatantram.html,30-08-2002,3.0
142,Holi,http://www.idlebrain.com/movie/archive/mr-holi.html,30-08-2002,3.0
141,Sontham,http://www.idlebrain.com/movie/archive/mr-sontham.html,23-08-2002,3.0
140,Idiot,http://www.idlebrain.com/movie/archive/mr-idiot.html,22-08-2002,4.0
139,Baba,http://www.idlebrain.com/movie/archive/mr-baba.html,15-08-2002,3.0
138,Kubusam,http://www.idlebrain.com/movie/archive/mr-kubusam.html,03-08-2002,3.0
137,Avunu Valliddaru Ista Paddaru,http://www.idlebrain.com/movie/archive/mr-avunu.html,02-08-2002,3.5
136,Indra,http://www.idlebrain.com/movie/archive/mr-indra.html,24-07-2002,4.5
135,Allari Ramudu,http://www.idlebrain.com/movie/archive/mr-allariramudu.html,18-07-2002,3.0
134,Girl Friend,http://www.idlebrain.com/movie/archive/mr-girlfriend.html,06-07-2002,3.25
133,Neetho,http://www.idlebrain.com/movie/archive/mr-neetho.html,27-06-2002,2.75
132,Sreeram,http://www.idlebrain.com/movie/archive/mr-sreeram.html,21-06-2002,3.0
131,Jayam,http://www.idlebrain.com/movie/archive/mr-jayamfilm.html,14-06-2002,3.0
130,Adrustam,http://www.idlebrain.com/movie/archive/mr-adrustam.html,06-06-2002,1.5
129,One Two Three (123),http://www.idlebrain.com/movie/archive/mr-123.html,01-06-2002,2.0
128,Vooru Manadiraa,http://www.idlebrain.com/movie/archive/mr-voorumanadiraa.html,31-05-2002,3.0
127,Hai,http://www.idlebrain.com/movie/archive/mr-hai.html,24-05-2002,3.0
126,Tappuchesi Pappukoodu,http://www.idlebrain.com/movie/archive/mr-tappuchesi.html,22-05-2002,3.0
125,Allari,http://www.idlebrain.com/movie/archive/mr-allari.html,10-05-2002,4.0
124,Santosham,http://www.idlebrain.com/movie/archive/mr-santosham.html,09-05-2002,3.75
123,Vendi Mabbulu,http://www.idlebrain.com/movie/archive/mr-vendimabbulu.html,03-05-2002,0.0
122,Lahiri Lahiri Lahirilo,http://www.idlebrain.com/movie/archive/mr-lahiri.html,01-05-2002,3.25
121,Friends,http://www.idlebrain.com/movie/archive/mr-friends.html,13-04-2002,2.5
120,Vasu,http://www.idlebrain.com/movie/archive/mr-vasu.html,10-04-2002,3.0
119,Chocolate,http://www.idlebrain.com/movie/archive/mr-chocolate.html,05-04-2002,3.0
118,Aaduthu Paaduthu,http://www.idlebrain.com/movie/archive/mr-aaduthu.html,04-04-2002,2.75
117,Nee Thodu Kavali,http://www.idlebrain.com/movie/archive/mr-neethodukavali.html,28-03-2002,2.0
116,Aadi,http://www.idlebrain.com/movie/archive/mr-aadi.html,28-03-2002,3.5
115,Naga Pratista,http://www.idlebrain.com/movie/archive/mr-nagapratista.html,09-03-2002,2.0
114,Neeto Cheppalani,http://www.idlebrain.com/movie/archive/mr-neetocheppalani.html,08-03-2002,1.0
113,Parasuram,http://www.idlebrain.com/movie/archive/mr-parasuram.html,07-03-2002,3.0
112,Nee premakai,http://www.idlebrain.com/movie/archive/mr-neepremakai.html,01-03-2002,3.0
111,Seshu,http://www.idlebrain.com/movie/archive/mr-seshu.html,28-02-2002,3.0
-,Thiladanam,http://www.idlebrain.com/movie/archive/mr-tiladanam.html,na,0.0
110,Ramana,http://www.idlebrain.com/movie/archive/mr-ramana.html,22-02-2002,1.5
109,Nenu Ninnu Premistunnanu,http://www.idlebrain.com/movie/archive/mr-nnp.html,14-02-2002,1.5
108,Chandravansam,http://www.idlebrain.com/movie/archive/mr-chandravansam.html,15-02-2002,3.0
107,Action No. 1,http://www.idlebrain.com/movie/archive/mr-actionno1.html,15-02-2002,3.0
106,Amrutha,http://www.idlebrain.com/movie/archive/mr-amrutha.html,14-02-2002,3.0
105,Kondaveeti Simhasanam,http://www.idlebrain.com/movie/archive/mr-kondaveetis.html,08-02-2002,0.5
104,Kalusukovalani,http://www.idlebrain.com/movie/archive/mr-kalusukovalani.html,08-02-2002,3.0
103,Neethone Vuntanu,http://www.idlebrain.com/movie/archive/mr-neethone.html,01-02-2002,2.5
102,Raghava,http://www.idlebrain.com/movie/archive/mr-raghava.html,01-02-2002,2.0
101,O Chinnadana,http://www.idlebrain.com/movie/archive/mr-ochinnadana.html,25-01-2002,3.0
100,Priya Nestama,http://www.idlebrain.com/movie/archive/mr-priyanestama.html,25-01-2002,1.5
99,Premaku Swagatam,http://www.idlebrain.com/movie/archive/mr-premakuswagatam.html,18-01-2002,2.0
98,Brahmachari,http://www.idlebrain.com/movie/archive/mr-brahmachari.html,15-01-2002,3.0
97,Nuvvu Leka Nenu Lenu,http://www.idlebrain.com/movie/archive/mr-nlnl.html,14-01-2002,3.25
96,Takkari Donga,http://www.idlebrain.com/movie/archive/mr-takkaridonga.html,12-01-2002,4.0
95,Seema Simham,http://www.idlebrain.com/movie/archive/mr-seemasimham.html,11-01-2002,3.0
94,Hanuman Junction,http://www.idlebrain.com/movie/archive/mr-hanumanjunction.html,21-12-2001,3.25
93,Subbu,http://www.idlebrain.com/movie/archive/mr-subbu.html,21-12-2001,3.0
92,Badrachalam,http://www.idlebrain.com/movie/archive/mr-badrachalam.html,06-12-2001,3.0
91,Darling Darling,http://www.idlebrain.com/movie/archive/mr-darling.html,30-11-2001,1.0
90,Istam,http://www.idlebrain.com/movie/archive/mr-istam.html,30-11-2001,3.0
89,Jabili,http://www.idlebrain.com/movie/archive/mr-jabili.html,29-11-2001,2.5
88,Abhay,http://www.idlebrain.com/movie/archive/mr-abhay.html,23-11-2001,2.0
87,Paravasam,http://www.idlebrain.com/movie/archive/mr-paravasam.html,16-11-2001,2.75
86,Veedekkadi Mogudandi?,http://www.idlebrain.com/movie/archive/mr-veedekkadi.html,15-11-2001,3.25
85,Hyderabad,http://www.idlebrain.com/movie/archive/mr-hyderabad.html,09-11-2001,2.5
84,Ammaye Navvite,http://www.idlebrain.com/movie/archive/mr-ammaye.html,09-11-2001,2.0
83,Raa ...,http://www.idlebrain.com/movie/archive/mr-raa.html,01-11-2001,1.0
82,Snehamante Idera,http://www.idlebrain.com/movie/archive/mr-snehamante.html,26-10-2001,2.75
81,Muthyam,http://www.idlebrain.com/movie/archive/mr-muthyam.html,26-10-2001,2.5
80,Manasanta Nuvve,http://www.idlebrain.com/movie/archive/mr-manasanta.html,19-10-2001,3.25
79,Thank You Subba Rao,http://www.idlebrain.com/movie/archive/mr-thankyou.html,12-10-2001,3.25
78,Daddy,http://www.idlebrain.com/movie/archive/mr-daddy.html,04-10-2001,3.0
77,Anandam,http://www.idlebrain.com/movie/archive/mr-anandam.html,28-09-2001,3.0
76,Student No.1,http://www.idlebrain.com/movie/archive/mr-student.html,27-09-2001,3.25
75,Dum Dum Dum,http://www.idlebrain.com/movie/archive/mr-dumdumdum.html,21-09-2001,4.0
74,Adhipati,http://www.idlebrain.com/movie/archive/mr-adhipati.html,19-09-2001,2.75
73,Itlu Sravani Subramanyam,http://www.idlebrain.com/movie/archive/mr-iss.html,14-09-2001,3.0
72,Nuvvu Naaku Nachav,http://www.idlebrain.com/movie/archive/mr-nnn.html,06-09-2001,4.0
71,Naalo Vunna Prema,http://www.idlebrain.com/movie/archive/mr-naalo.html,01-09-2001,3.0
70,Akasa Veedhilo,http://www.idlebrain.com/movie/archive/mr-akasa.html,23-08-2001,2.75
69,Chiru Jallu,http://www.idlebrain.com/movie/archive/mr-chirujallu.html,17-08-2001,3.0
68,Nuvvu - Nenu,http://www.idlebrain.com/movie/archive/mr-nuvvunenu.html,10-08-2001,2.75
67,Evadra Rowdy,http://www.idlebrain.com/movie/archive/mr-evadra.html,10-08-2001,1.0
66,Simha Raasi,http://www.idlebrain.com/movie/archive/mr-simharaasi.html,06-07-2001,3.25
65,Khaki Chokka,http://www.idlebrain.com/movie/archive/mr-khaki.html,29-06-2001,3.25
64,Sri Manjunatha,http://www.idlebrain.com/movie/archive/mr-manjunatha.html,22-06-2001,3.75
63,Bhalevadivi Basu,http://www.idlebrain.com/movie/archive/mr-bvb.html,15-06-2001,3.0
62,Bava Nachadu,http://www.idlebrain.com/movie/archive/mr-bavanachadu.html,07-06-2001,3.5
61,Ninnu Choodalani,http://www.idlebrain.com/movie/archive/mr-ninnuc.html,23-05-2001,2.5
60,Ammai Kosam,http://www.idlebrain.com/movie/archive/mr-ammaikosam.html,18-05-2001,3.75
59,Prematho Raa!,http://www.idlebrain.com/movie/archive/mr-premathoraa.html,09-05-2001,2.75
58,Kushi,http://www.idlebrain.com/movie/archive/mr-kushi.html,27-04-2001,4.5
57,Preminchu,http://www.idlebrain.com/movie/archive/mr-preminchu.html,11-04-2001,3.75
56,Eduruleni Manishi,http://www.idlebrain.com/movie/archive/mr-eduru.html,30-03-2001,3.0
55,Deevinchandi,http://www.idlebrain.com/movie/archive/mr-deevinchandi.html,23-03-2001,2.0
54,Priyamaina Neeku,http://www.idlebrain.com/movie/archive/mr-priyamaina.html,21-02-2001,3.5
53,Murari,http://www.idlebrain.com/movie/archive/mr-murari.html,17-02-2001,3.5
52,Maa Aavida Meda Ottu ..,http://www.idlebrain.com/movie/archive/mr-mamomacm.html,02-02-2001,3.75
51,Devi Putrudu,http://www.idlebrain.com/movie/archive/mr-deviputrudu.html,15-01-2001,4.5
50,Mrigaraju,http://www.idlebrain.com/movie/archive/mr-mrigaraju.html,11-01-2001,3.0
49,Narasimha Naidu,http://www.idlebrain.com/movie/archive/mr-nnaidu.html,11-01-2001,3.5
48,Sakumba Saparivara Sametamga,http://www.idlebrain.com/movie/archive/mr-sss.html,21-12-2000,3.0
47,Chiru Navvuto,http://www.idlebrain.com/movie/archive/mr-chirunavvuto.html,10-11-2000,4.0
46,College,http://www.idlebrain.com/movie/archive/mr-college.html,10-11-2000,3.0
45,Tenali,http://www.idlebrain.com/movie/archive/mr-tenali.html,26-10-2000,3.5
44,Nuvve Kavali,http://www.idlebrain.com/movie/archive/mr-nuvvekavali.html,13-10-2000,4.5
43,Jayam Manadera,http://www.idlebrain.com/movie/archive/mr-jayam.html,07-10-2000,2.75
42,Vamsi,http://www.idlebrain.com/movie/archive/mr-vamsi.html,04-10-2000,3.0
41,Azad,http://www.idlebrain.com/movie/archive/mr-azad.html,29-09-2000,3.25
40,Rayalaseema Ramanna Chowdary,http://www.idlebrain.com/movie/archive/mr-rrc.html,15-09-2000,3.25
39,Ninne Premista,http://www.idlebrain.com/movie/archive/mr-ninnep.html,14-09-2000,3.75
38,Moodu Mukkalata,http://www.idlebrain.com/movie/archive/mr-moodu.html,01-10-2000,3.25
37,Kouravudu,http://www.idlebrain.com/movie/archive/mr-kou.html,28-07-2000,3.0
36,Goppinti Alludu,http://www.idlebrain.com/movie/archive/mr-ga.html,21-07-2000,3.0
35,Chitram,http://www.idlebrain.com/movie/archive/mr-chitram.html,17-06-2000,4.0
34,Badri,http://www.idlebrain.com/movie/archive/mr-badri.html,20-04-2000,3.0
33,Nuvvu Vastavani,http://www.idlebrain.com/movie/archive/mr-nuvvu.html,05-04-2000,3.75
32,Yuvaraju,http://www.idlebrain.com/movie/archive/mr-yuvaraju.html,14-04-2000,3.0
31,Sakhi,http://www.idlebrain.com/movie/archive/mr-sakhi.html,13-04-2000,4.0
30,Ravanna,http://www.idlebrain.com/movie/archive/mr-ravanna.html,03-03-2000,1.5
29,Manasu Paddanu Kaani,http://www.idlebrain.com/movie/archive/mr-manasu.html,10-02-2000,2.25
28,Chala Bagundi,http://www.idlebrain.com/movie/archive/mr-chala.html,18-02-2000,4.0
27,Handsup,http://www.idlebrain.com/movie/archive/mr-hands.html,10-02-2000,2.75
26,Kshemamga Velli Labhamga Randi,http://www.idlebrain.com/movie/archive/mr-kvlr.html,04-02-2000,3.0
25,Sammakka-Sarakka,http://www.idlebrain.com/movie/archive/mr-sammakka.html,15-01-2000,2.0
24,Vamsoddarakudu,http://www.idlebrain.com/movie/archive/mr-vamso.html,14-01-2000,2.25
23,Kalisundam Raa,http://www.idlebrain.com/movie/archive/mr-kalisundam.html,14-01-2000,4.5
22,Postman,http://www.idlebrain.com/movie/archive/mr-postman.html,13-01-2000,4.0
21,Annayya,http://www.idlebrain.com/movie/archive/mr-anna.html,07-01-2000,3.0
20,Kodanda Ramudu,http://www.idlebrain.com/movie/archive/mr-kodanda.html,01-01-2000,2.75
19,Avide Shyamala,http://www.idlebrain.com/movie/archive/mr-avide.html,24-12-1999,2.0
18,Raithu Rajyam,http://www.idlebrain.com/movie/archive/mr-raithu.html,10-12-1999,2.5
17,Oke Okkadu,http://www.idlebrain.com/movie/archive/mr-oke.html,09-11-1999,4.0
16,Mallika,http://www.idlebrain.com/movie/archive/mr-mallika.html,13-10-1999,4.0
15,Samudram,http://www.idlebrain.com/movie/archive/mr-samudram.html,22-10-1999,4.0
14,Ravoyi Chandamama,http://www.idlebrain.com/movie/archive/mr-ravoyi.html,15-10-1999,2.5
13,Preminchedi Endukamma?,http://www.idlebrain.com/movie/archive/mr-preminchedi.html,08-10-1999,2.0
12,Vaali,http://www.idlebrain.com/movie/archive/mr-vaali.html,01-10-1999,4.0
11,Maa Balaji,http://www.idlebrain.com/movie/archive/mr-balaji.html,23-09-1999,4.0
10,Krishna Babu,http://www.idlebrain.com/movie/archive/mr-krishnababu.html,16-09-1999,4.5
9,Anaganaga Oka Ammai,http://www.idlebrain.com/movie/archive/mr-anaganaga.html,02-09-1999,3.25
8,Seenu,http://www.idlebrain.com/movie/archive/mr-seenu.html,27-08-1999,3.0
7,Pichodi Chetilo Raayi,http://www.idlebrain.com/movie/archive/mr-pichodi.html,27-08-1999,0.0
6,Premaku Velayara,http://www.idlebrain.com/movie/archive/mr-premakuve.html,06-08-1999,3.5
5,Raja Kumarudu,http://www.idlebrain.com/movie/archive/mr-rajak.html,30-07-1999,3.0
4,Thammudu,http://www.idlebrain.com/movie/archive/mr-thammudu.html,15-07-1999,4.5
3,Premikula Roju,http://www.idlebrain.com/movie/archive/mr-proju.html,09-07-1999,3.0
2,Sultan,http://www.idlebrain.com/movie/archive/mr-sultan.html,27-04-1999,3.0
1,Iddaru Mitrulu,http://www.idlebrain.com/movie/archive/mr-iddaru.html,30-04-1999,3.0
